,cellchatDB,connectomeDB,celllinker,celltalkDB,icellnet,spatalk,cellphoneDB
GDF6,1,1,1,1,1,1,1
PLGRKT,0,0,1,0,0,0,0
TF,0,1,1,1,0,1,0
SORL1,0,0,1,0,0,0,0
VTCN1,0,0,1,0,0,0,0
PTN,1,1,1,1,1,1,1
ALKAL1,0,1,0,1,1,1,0
ICAM1,1,1,1,1,1,1,1
NTF3,1,1,1,1,0,1,1
CXCL10,1,1,1,1,1,1,0
CRISP3,0,0,0,1,0,1,0
COL4A6,1,1,1,1,1,1,0
LRFN5,0,1,0,0,1,0,1
MTNR1A,0,0,1,0,0,0,0
PON2,0,0,1,1,0,1,0
SIGLEC8,0,0,1,0,0,0,0
GRB7,0,0,1,0,0,0,0
CCL7,1,1,1,1,1,1,1
PYY,1,1,1,1,0,1,1
MMP9,0,1,1,1,0,1,0
F9,0,1,1,1,0,1,0
IL7,1,1,1,1,1,1,1
TAFA1,0,0,0,0,0,0,1
MDK,1,1,1,1,1,1,0
SCT,1,1,1,1,0,1,0
C4B,0,1,1,1,0,1,0
ADAM29,0,1,0,0,0,0,0
BOC,0,0,1,0,0,0,0
SPINK1,0,1,1,1,1,1,0
C1QL1,0,0,0,0,1,0,1
BTN2A1,0,0,1,0,0,0,0
CD74,0,0,1,0,0,0,0
SIGLEC7,0,0,1,0,0,0,0
TOR2A,0,1,0,0,0,0,0
BMP15,1,1,1,1,1,1,1
IFNAR1,0,0,1,0,0,0,0
AANAT,0,1,0,1,0,1,0
CD84,0,1,0,0,1,0,0
PAM,0,0,1,0,0,0,0
PRTG,0,0,1,0,0,0,0
PEPD,0,0,1,0,0,0,0
IAPP,1,1,1,1,1,1,1
COL6A2,1,0,0,1,1,1,0
NR0B2,0,0,1,0,0,0,0
CLMP,0,0,1,0,0,0,0
ANXA2,0,1,1,0,1,0,0
ADAM20,0,0,1,0,0,0,0
CD177,0,1,1,0,0,0,1
AREG,1,1,1,1,1,1,1
RLF,1,1,1,1,0,1,1
JAM2,1,1,1,0,1,0,1
S100A1,0,0,0,1,0,1,0
GRN,1,1,1,1,1,1,0
PLAU,0,1,1,1,1,1,0
PDGFC,1,1,1,1,1,1,1
SLITRK5,0,1,0,0,0,0,0
NCR3,0,0,1,0,0,0,0
BMPR1A,0,0,1,0,0,0,0
ECM1,0,1,0,0,0,0,0
AGER,0,0,1,0,0,0,0
CCL18,1,1,1,1,1,1,1
FGF23,1,1,1,1,1,1,1
VIP,1,1,1,1,0,1,1
EPHA5,0,0,1,0,0,0,0
S100A4,0,0,1,1,0,1,0
NMU,1,1,1,1,0,1,1
CARD11,0,0,1,0,0,0,0
PTPRT,0,0,1,0,0,0,0
TYRO3,0,0,1,0,0,0,0
PROC,0,1,1,1,0,1,1
SEMA4C,1,1,1,1,1,1,0
CCN4,0,1,0,0,0,0,0
SEMA5A,1,1,1,1,1,1,0
ACE,0,1,0,1,0,1,0
IL9,1,1,1,1,1,1,1
TAC4,1,1,1,1,0,1,0
KISS1,1,1,1,1,1,1,1
PPY,1,1,1,1,0,1,0
FGF10,1,1,1,1,1,1,1
GP5,0,0,1,0,0,0,0
TNFRSF6B,0,0,1,0,0,0,0
CSH2,0,0,0,1,0,1,0
IL2RB,0,0,1,0,0,0,0
RTN4RL2,0,0,0,0,1,0,0
LDLR,0,0,1,0,0,0,0
EDN2,1,1,1,1,1,1,1
HSP90AA1,0,1,1,1,0,1,0
COL19A1,0,0,0,0,1,0,0
ADORA2A,0,0,1,0,0,0,0
ADAM2,0,1,1,1,0,1,0
GHRL,1,1,1,1,0,1,1
CD44,0,1,1,0,1,0,1
CTLA4,0,0,1,0,0,0,0
HLA-B,1,1,1,1,1,1,1
LCN2,0,1,1,1,0,1,1
FCAMR,0,0,1,0,0,0,0
LMNB2,1,1,0,1,0,1,0
FLT1,0,0,1,0,0,0,0
IL12A,0,1,1,1,1,1,0
ILDR2,0,0,1,0,0,0,0
SIGLEC1,1,1,1,0,1,0,0
PSPN,1,1,1,1,1,1,1
CD2,0,1,1,0,0,0,0
TREM1,0,0,1,0,0,0,0
JAG2,1,1,1,1,1,1,1
SOSTDC1,0,1,0,1,0,1,0
COL1A1,1,1,1,1,1,1,0
TGS1,0,0,0,1,0,1,0
PMCH,1,1,1,1,0,1,1
IL1RAPL1,0,1,1,0,1,0,0
TARM1,0,0,1,0,0,0,0
CD6,1,1,1,1,1,1,0
PDGFA,1,1,1,1,1,1,1
BMP10,1,1,1,1,1,1,1
CDH6,0,0,1,0,0,0,0
MMRN2,0,1,0,0,1,0,0
PTPRD,0,0,1,0,0,0,1
HSPA1A,0,0,0,1,0,1,0
ICOS,0,1,0,0,0,0,0
IGSF11,0,1,1,0,1,0,0
GPR37,0,0,1,0,0,0,0
SEMA4B,0,1,1,1,1,1,0
CD86,1,1,1,1,1,1,1
TRB,0,0,1,0,0,0,0
CLDN4,0,0,1,0,0,0,0
EFNB2,1,1,1,1,1,1,1
TENM4,0,0,0,0,1,0,1
IGFL1,0,1,0,1,0,1,1
CTF1,1,1,1,1,1,1,0
TGFBR2,0,0,1,0,0,0,0
IL3,1,1,1,1,1,1,1
SEMA6B,1,1,1,0,1,0,0
CD300LF,0,0,1,0,0,0,0
EGFR,0,0,1,0,0,0,0
CGN,0,1,0,1,0,1,0
LRFN2,0,0,0,0,1,0,0
WNT2,1,1,1,1,1,1,1
GREM1,0,1,0,1,1,1,0
CSF3R,0,0,1,0,0,0,0
TNFRSF8,0,0,1,0,0,0,0
LRRC4C,1,0,1,0,0,0,0
CD93,0,0,0,0,1,0,1
SPP1,1,1,1,1,1,1,0
GDF1,1,1,1,1,1,1,1
VWF,1,1,1,1,1,1,1
COL11A1,0,1,0,1,1,1,0
HSPA8,0,0,0,1,0,1,0
SCD5,0,0,0,0,1,0,0
COL10A1,0,0,1,0,1,0,0
LIN7B,0,0,1,0,0,0,0
SEMA3G,1,1,1,1,1,1,0
COL22A1,0,0,0,0,1,0,0
ZNF160,0,1,1,1,0,1,0
RNASET2,0,0,0,0,1,0,0
CDH4,1,0,0,0,0,0,0
COL4A3,1,1,1,1,1,1,0
IGSF3,0,0,1,0,0,0,0
ARF6,0,0,0,1,0,1,0
KIR2DL3,0,0,1,0,0,0,0
KRTAP4-12,0,0,1,0,0,0,0
TNFSF15,1,1,1,1,1,1,0
PRL,1,1,1,1,1,1,1
S100A8,0,1,1,1,1,1,0
GZMB,0,1,0,1,1,1,0
IGF2R,0,0,1,0,0,0,0
IGF2,1,1,1,1,1,1,1
P4HB,0,0,0,1,0,1,0
COL15A1,0,0,0,0,1,0,0
LTBP1,0,1,1,1,0,1,0
CCL4,1,1,1,1,1,1,1
APOD,0,1,1,1,0,1,0
FSTL5,0,0,1,0,0,0,0
ARPC5,0,0,0,1,0,1,0
ANPEP,0,1,0,0,1,0,0
CD58,0,1,1,1,1,1,1
TNFSF18,1,1,1,1,1,1,0
SHH,1,1,1,1,1,1,1
PGF,0,0,0,0,0,0,1
NECTIN2,1,1,1,0,1,0,1
MS4A2,0,0,1,0,0,0,0
FCER1A,0,0,1,0,0,0,0
SERPINC1,0,1,1,1,0,1,0
IHH,1,1,1,1,1,1,1
GP1BB,0,0,1,0,0,0,0
LAMA2,1,1,1,1,1,1,1
IFNA16,1,1,1,1,1,1,0
SIGLEC14,0,0,1,0,0,0,0
CLEC11A,0,1,0,0,0,0,0
APOO,0,0,1,0,0,0,0
KLF5,0,0,0,1,0,1,0
PI16,0,0,1,0,1,0,1
SCRG1,0,0,0,0,1,0,0
SFTPA1,0,1,1,1,1,1,0
RGMB,0,1,1,1,0,1,0
TJP2,0,0,1,0,0,0,0
RCAN1,1,1,1,1,1,1,1
MATN1,0,1,1,1,0,1,0
YBX1,0,1,0,0,0,0,0
SLK,0,0,1,1,0,1,0
BCAN,0,0,0,1,0,1,0
RTN4,0,1,1,1,0,1,0
CAV1,0,0,1,0,0,0,0
CNMD,0,0,1,0,0,0,0
PIGF,1,1,1,1,1,1,0
NXPH2,0,1,1,1,0,1,0
PENK,1,1,1,1,0,1,1
PTPRF,0,0,1,0,0,0,0
PATJ,0,0,1,0,0,0,0
FGF16,1,1,1,1,1,1,0
PGAP1,0,0,0,1,0,1,0
COL11A2,0,0,0,0,1,0,0
INHBA,1,1,1,1,1,1,0
S1PR1,0,0,1,0,0,0,0
CD63,0,0,1,0,0,0,0
CALM1,0,0,0,1,0,1,0
CALCA,1,1,1,1,1,1,0
PLA2G10,0,1,1,1,0,1,0
VEGFD,1,1,1,1,1,1,1
IL17A,1,1,1,1,1,1,0
CEACAM3,0,0,1,0,0,0,0
SNX14,0,0,1,0,0,0,0
FLT3LG,1,1,1,1,1,1,1
PROCR,0,0,1,0,0,0,0
GRM1,0,0,1,0,0,0,0
CD79B,0,0,1,0,0,0,0
PLA2G2A,0,1,1,0,0,0,0
IL17RA,0,0,1,0,0,0,0
FGF12,0,0,0,1,0,1,0
STUB1,0,0,1,0,0,0,0
PTRH2,1,1,1,1,1,1,0
XCL2,1,1,1,1,1,1,1
SECTM1,0,1,0,0,0,0,0
GFRA1,0,0,1,0,0,0,1
IFNA17,1,1,1,1,1,1,0
NRN1,0,0,0,0,1,0,0
GAL,1,1,1,1,1,1,0
CCL2,1,1,1,1,1,1,1
SIGLEC9,0,0,1,0,1,0,0
MMP13,0,1,1,1,0,1,0
COL20A1,0,0,0,0,1,0,0
ADAM21,0,0,1,0,0,0,0
HSD17B4,0,0,1,0,0,0,0
FAM3C,0,1,0,1,1,1,0
FGF19,1,1,1,1,1,1,1
YARS1,0,0,0,1,0,1,0
TFF1,0,0,0,1,0,1,0
WNT6,1,1,1,1,0,1,1
CLDN16,0,0,1,0,0,0,0
PIK3IP1,0,0,0,0,0,0,1
NAMPT,1,1,1,1,0,1,0
GNRH1,1,1,1,1,0,1,0
FASLG,1,1,1,1,1,1,0
CFC1B,0,0,0,1,0,1,0
MOG,0,0,1,0,0,0,0
CD33,0,0,1,0,0,0,0
PILRB,0,0,1,0,0,0,0
FGF6,1,1,1,1,1,1,1
LGALS3BP,0,1,1,1,0,1,0
KIT,0,0,1,0,0,0,0
KCNA2,0,0,1,0,0,0,0
CNTN5,0,0,1,0,0,0,0
ANGPTL7,1,0,1,0,0,0,0
INSR,0,0,1,0,0,0,0
KIRREL1,0,0,1,0,0,0,0
CD55,0,1,1,1,0,1,1
OCM,0,0,0,0,0,0,1
IFNL4,0,1,0,0,0,0,0
GNB1,0,0,1,0,0,0,0
LY86,0,1,0,0,0,0,0
TIE1,0,0,1,0,1,0,0
ACTR2,0,0,0,1,0,1,0
TPSG1,0,0,1,0,0,0,0
FGA,0,1,1,1,1,1,0
ICAM5,1,1,1,1,1,1,0
NXNL1,0,0,0,0,0,0,1
MYOC,0,1,1,0,0,0,0
TGFBR3,0,0,0,0,1,0,0
NPTX2,0,0,0,1,0,1,0
CD300C,0,0,1,0,0,0,0
CLDN14,0,0,1,0,0,0,0
DSC3,1,1,1,1,1,1,1
SLTM,0,0,1,0,0,0,0
TNFSF8,1,1,1,1,1,1,0
S100A10,0,0,1,1,0,1,0
ADAM18,0,1,1,1,1,1,0
PSG6,0,0,1,0,0,0,0
GDF3,1,1,1,0,1,0,1
TNFSF10,1,1,1,1,1,1,0
KLRF1,0,1,1,0,0,0,0
NRG2,1,1,1,1,1,1,1
FGF9,1,1,1,1,1,1,1
GDF7,1,1,1,1,1,1,1
IGDCC3,0,0,1,0,0,0,0
NLRP3,1,1,1,1,1,1,0
PIK3R1,0,0,1,0,0,0,0
LGALS3,0,1,1,0,1,0,0
FSHB,1,1,1,1,0,1,1
COL9A3,1,1,1,1,1,1,0
DDX11,0,0,1,0,1,0,0
CLEC2B,1,1,0,1,1,1,0
NTN3,0,1,1,1,0,1,0
CXCL9,1,1,1,1,1,1,1
CDC37,0,0,1,0,0,0,0
EFNA1,1,1,1,1,1,1,1
CASP8,0,0,1,0,0,0,0
CD8A,1,0,1,0,0,0,0
ACE2,0,0,1,1,0,1,0
IFNA21,1,1,1,1,1,1,0
SAA2,1,1,1,1,1,1,1
GAS1,0,0,0,0,1,0,0
ENHO,1,1,1,0,0,0,0
PPOX,1,1,1,1,0,1,0
PRG4,0,1,0,1,1,1,0
IL1B,1,1,1,1,1,1,1
SDC4,0,0,1,0,0,0,0
IL17F,1,1,1,1,1,1,1
APOC2,0,0,0,1,0,1,0
CD320,0,0,1,0,0,0,1
MRC1,0,1,0,0,1,0,0
WNT16,1,1,1,1,0,1,1
LIPH,0,1,1,1,0,1,0
PDCD1LG2,1,1,1,1,1,1,0
CSPG4,1,0,1,0,1,0,1
NPS,1,1,1,1,0,1,1
WNT7A,1,1,1,1,1,1,1
HAVCR1,0,1,1,0,1,0,0
RARRES2,1,1,1,1,1,1,0
CD81,0,0,1,0,0,0,0
LILRA5,0,0,1,0,0,0,0
ATP1B1,0,0,1,0,0,0,0
OMG,0,1,1,1,1,1,0
QRFP,1,1,1,1,0,1,0
SPON1,0,1,0,0,0,0,0
F8,0,1,1,1,0,1,0
SFTPA2,1,1,1,1,1,1,0
EPHA3,0,0,1,0,0,0,0
PLXNB3,0,0,1,0,0,0,0
PRNP,0,0,1,0,1,0,0
TMIGD2,0,0,1,0,0,0,0
FGB,0,1,1,1,0,1,0
CADM2,0,0,1,0,0,0,0
KIR2DS4,0,0,1,0,0,0,0
ADA,0,0,0,1,0,1,0
RNASE2,0,1,1,1,1,1,0
TSHR,0,0,1,0,0,0,0
NETO2,0,0,1,0,0,0,0
SCYL1,1,1,1,1,1,1,1
RAET1E,1,1,0,1,1,1,0
PTCH1,0,0,1,0,0,0,0
LINGO4,0,0,1,0,0,0,0
INHBB,1,1,0,1,1,1,0
LCN1,0,1,1,1,1,1,0
DLL3,1,1,1,1,1,1,1
COL13A1,0,0,0,0,1,0,0
HFE,0,0,0,0,0,0,1
MPZ,1,0,1,0,0,0,0
CRISP2,0,0,0,1,0,1,0
IL16,1,1,1,1,1,1,0
ADGRE5,1,1,0,0,1,0,0
C4A,1,1,1,1,1,1,0
PRSS2,1,0,0,0,0,0,0
ITGAV,0,1,1,0,1,0,0
C1QL4,0,0,0,0,1,0,1
IZUMO1,0,0,0,1,0,1,0
DLK2,0,1,1,1,0,1,0
LTB,0,1,1,1,1,1,1
LRFN1,0,0,0,0,1,0,0
VCAM1,0,1,1,1,1,1,1
TDGF1,0,1,1,1,0,1,0
IFNA7,1,1,1,1,1,1,1
PPP3CA,0,1,1,1,1,1,0
PRSS58,1,0,0,0,0,0,0
PECAM1,1,1,1,0,1,0,1
DEFB106A,0,1,1,1,1,1,0
GFAP,0,0,1,0,0,0,0
NXPH3,0,1,1,1,0,1,0
TGFB3,1,1,1,1,1,1,1
ADM,1,1,1,1,1,1,0
TJP3,0,0,1,0,0,0,0
ANGPTL1,1,1,1,1,0,1,0
IL2RA,0,0,1,0,0,0,0
CCL23,1,1,1,1,1,1,1
F11R,1,1,1,0,1,0,1
GPC1,0,0,1,0,0,0,0
NID1,0,1,1,1,1,1,0
A2M,0,1,0,1,0,1,0
PTGFRN,0,0,1,0,0,0,0
CCL27,1,1,1,1,1,1,1
CCN2,0,1,1,1,0,1,0
CD46,1,0,1,0,0,0,0
CP,0,1,0,1,0,1,0
COL7A1,0,0,0,1,1,1,0
SFRP1,0,1,1,1,0,1,0
COL6A6,1,0,0,0,1,0,0
ANXA1,1,1,1,1,1,1,1
UNC5C,0,0,1,0,0,0,0
CHAMP1,0,1,1,1,0,1,0
EFNB3,1,1,1,1,1,1,1
TNXB,1,0,0,0,0,0,0
CD160,0,1,1,1,1,1,1
LTBP3,0,1,1,1,0,1,0
F13A1,0,1,1,1,1,1,0
DKK1,0,1,1,1,0,1,1
NID2,0,1,1,1,0,1,0
UCN3,1,1,1,1,0,1,1
TNF,1,1,1,1,1,1,1
BGN,0,1,1,1,1,1,0
CLEC4M,0,0,0,0,1,0,0
PSG7,0,0,1,0,1,0,0
LPAR2,0,0,0,0,0,0,1
TENM2,0,0,0,0,1,0,1
AHSG,0,1,1,1,0,1,0
SLURP2,1,0,1,0,0,0,0
THBS3,1,0,1,0,0,0,0
LTA,1,1,1,1,1,1,1
SRC,0,0,1,0,0,0,0
CSHL1,0,0,0,1,0,1,0
BTNL8,0,0,1,0,0,0,0
TRPV5,0,0,1,0,0,0,0
AGTR1,0,0,1,0,0,0,0
TGFA,1,1,1,1,1,1,1
SCN2B,0,0,1,0,0,0,0
COL1A2,1,1,1,1,1,1,0
LAYN,0,0,1,0,0,0,0
CD226,1,1,1,0,0,0,1
CRKL,0,0,1,0,0,0,0
LAMC1,1,0,0,1,0,1,1
LIN7C,0,1,1,1,0,1,0
TJP1,0,0,1,0,0,0,0
MFNG,0,1,0,1,0,1,0
SOS1,1,1,1,1,1,1,1
CCL16,1,1,1,1,1,1,1
BPI,0,0,1,0,0,0,0
EFNA5,1,1,1,1,1,1,1
HLA-C,1,1,1,1,1,1,1
RECK,0,0,1,0,0,0,0
TYROBP,0,0,1,0,0,0,0
GSTM2,0,0,0,1,0,1,0
CORT,1,1,1,1,0,1,1
COL18A1,0,1,1,1,1,1,0
DLK1,1,1,1,1,1,1,1
SDC2,0,1,0,0,1,0,1
PA2G4,0,0,1,0,0,0,0
TIGIT,1,1,1,0,0,0,0
PTK2,0,0,1,0,0,0,0
MFAP2,0,0,1,1,0,1,0
SYK,0,0,1,1,0,1,0
FGF21,1,1,1,1,1,1,1
PROK2,1,1,1,1,0,1,1
PODXL2,0,1,1,1,1,1,0
SIGLEC5,0,0,1,0,0,0,0
GUCA2B,1,1,1,1,0,1,0
LY9,0,1,0,0,1,0,0
IL6ST,0,0,1,0,0,0,0
COL28A1,0,0,0,0,1,0,0
SEMA3B,1,1,1,1,1,1,0
EZR,0,0,0,0,1,0,0
IFNGR1,0,0,1,0,0,0,0
ST6GAL1,0,1,1,1,0,1,0
ITGA5,0,0,1,0,1,0,0
SH2B3,0,0,1,0,0,0,0
CTNNB1,0,0,1,0,0,0,0
NOTCH4,0,0,1,0,0,0,0
CD52,0,1,1,0,1,0,1
COL9A2,1,1,1,1,1,1,0
VSIR,1,0,1,0,0,0,0
SEMA4G,1,1,1,1,0,1,0
KLRF2,0,0,1,0,0,0,0
ITGB5,0,0,1,0,0,0,0
CNTN6,0,1,1,0,0,0,0
WNT9A,1,1,1,0,1,0,1
CDH13,0,0,1,0,0,0,0
CLDN2,0,0,1,0,0,0,0
MVK,0,0,0,0,0,0,1
IFNA14,1,1,1,1,1,1,0
CADM4,0,0,1,0,0,0,0
ITGA1,0,0,1,0,0,0,0
SDC1,0,0,0,0,1,0,1
HLA-DQA1,1,0,0,0,1,0,0
CD9,0,1,1,0,0,0,0
TIMP2,0,1,1,1,1,1,0
FGFR2,0,0,1,0,0,0,0
DEFB4A,0,1,0,1,1,1,0
ITGB3,0,0,1,0,0,0,0
GGT1,0,0,1,0,0,0,0
MEPE,0,1,1,1,0,1,0
LILRB4,0,1,1,0,0,0,0
UCMA,1,1,1,1,1,1,1
IMPG2,0,0,1,0,0,0,0
IL36A,1,1,0,1,1,1,1
SIRPG,0,1,0,0,0,0,0
EDIL3,0,1,1,1,1,1,0
ZG16B,0,1,1,1,1,1,0
DKK4,0,1,1,1,0,1,0
ENTPD1,1,0,1,0,0,0,0
BMP8B,1,0,1,1,1,1,0
CD1B,0,0,1,0,1,0,0
NBN,1,1,1,1,1,1,1
CCL1,1,1,1,1,1,1,1
CCL11,1,1,1,1,1,1,1
CEACAM7,0,0,1,0,0,0,0
MMP12,0,1,1,1,0,1,0
KIR3DL1,0,0,1,0,0,0,0
F2RL1,0,0,1,0,0,0,0
MMP16,0,0,1,0,0,0,0
PRR4,0,1,1,0,0,0,0
SPON2,0,1,0,1,1,1,0
DSG1,1,1,1,0,0,0,1
CTHRC1,0,1,1,1,0,1,0
OMD,0,0,0,0,0,0,1
FGF2,1,1,1,1,1,1,1
CORIN,0,0,1,0,0,0,0
ZPBP2,0,0,1,0,0,0,0
EDN1,1,1,1,1,1,1,1
LRIT1,0,0,1,0,0,0,0
ADORA1,0,0,1,0,0,0,0
COL12A1,0,0,0,0,1,0,0
LRFN3,0,1,1,0,1,0,0
ACP4,0,0,1,0,0,0,0
AMH,0,0,0,0,0,0,1
GNAI2,1,1,1,1,0,1,1
IL2,1,1,1,1,1,1,1
PLAUR,0,0,0,0,1,0,1
LGI1,0,1,0,0,0,0,0
NLGN1,0,1,1,1,1,1,1
CDHR2,0,0,1,0,0,0,0
LSAMP,0,0,1,0,0,0,0
SERTAD1,0,1,0,0,1,0,0
GDF9,1,1,1,1,1,1,1
CNTD1,0,0,0,0,0,0,1
APPL2,0,0,0,0,1,0,1
IL20RA,0,0,1,0,0,0,0
CELSR2,0,0,0,0,1,0,0
TXLNA,0,0,1,0,1,0,0
CCL5,1,1,1,1,1,1,1
HLA-DRB5,1,0,0,0,1,0,0
CD80,1,1,1,0,1,0,1
VTN,1,1,1,1,1,1,0
NEGR1,1,0,1,0,0,0,0
WFIKKN2,0,0,1,0,1,0,0
ITGA2B,0,0,1,0,0,0,0
CCL8,1,1,1,1,1,1,1
CCL25,1,1,1,1,1,1,1
KMT2E,0,1,0,0,1,0,0
COL8A2,0,0,1,1,1,1,0
NUCB2,0,0,0,1,0,1,0
PCP2,0,0,0,1,0,1,0
LYPD3,0,0,0,1,0,1,0
TFF2,0,1,0,1,0,1,0
LRRC4,1,0,1,0,0,0,0
MADCAM1,1,1,1,1,1,1,0
RPS19,0,1,0,0,1,0,0
REN,0,1,1,1,0,1,0
HSP90B1,0,0,0,1,0,1,0
LEFTY1,0,0,0,1,0,1,0
ITGA9,0,0,1,0,0,0,0
SHANK2,0,0,1,1,1,1,0
IL17RC,0,0,1,0,0,0,0
TSPAN33,0,0,1,0,0,0,0
SELL,1,0,1,0,0,0,0
COL6A3,1,0,0,1,1,1,0
PDAP1,0,0,1,1,0,1,0
DEFB103B,0,1,0,1,1,1,0
WNT5A,1,1,1,1,1,1,1
TSPAN5,0,0,1,0,0,0,1
PIGR,0,0,1,0,0,0,0
TIMD4,0,1,0,0,0,0,0
CD53,0,0,1,0,0,0,0
GSTP1,0,0,0,1,0,1,0
WNT1,1,1,1,1,1,1,1
RLN1,1,1,1,1,0,1,0
CRH,1,1,1,1,0,1,1
NPTX1,0,0,0,1,0,1,0
MMP7,0,1,1,1,0,1,0
CRLF1,0,1,1,0,0,0,0
RIMS1,0,0,0,1,0,1,0
GPR26,0,0,1,0,0,0,0
LPAR1,0,0,0,0,1,0,1
CADM3,1,1,1,0,1,0,1
THBS4,1,0,1,0,0,0,0
JAM3,1,1,1,1,1,1,1
CXCL1,1,1,1,1,1,1,1
ICAM4,0,1,1,1,1,1,1
TSPAN3,0,0,1,0,0,0,0
NCR1,0,0,1,0,0,0,0
ERBB4,0,0,1,0,0,0,0
FGFRL1,0,0,1,0,0,0,0
LRRTM2,0,0,1,0,0,0,0
LGI2,0,1,0,0,0,0,0
IGSF10,0,0,1,0,0,0,0
WNT2B,1,1,1,1,1,1,1
TEK,0,0,1,0,0,0,0
MFGE8,0,1,1,1,0,1,0
HHLA2,0,1,1,0,1,0,0
RAET1G,1,1,0,1,0,1,0
PRR3,1,1,1,0,1,0,0
CLDN11,1,0,0,0,0,0,0
TGM2,0,1,1,1,1,1,1
IL15,1,1,1,1,1,1,1
GNAS,0,1,1,1,0,1,0
GHR,0,0,1,0,0,0,0
GPC3,0,1,1,1,0,1,0
ROBO1,0,1,0,0,0,0,0
TENM3,0,0,0,0,1,0,1
C1QL3,0,0,0,0,1,0,1
SEMA3F,1,1,1,1,1,1,0
IL21,1,1,1,1,1,1,1
TAFA2,0,0,0,0,1,0,0
WNT8B,1,0,1,1,1,1,1
NTN4,0,1,1,1,0,1,0
ADRA1D,0,0,1,0,0,0,0
PLAT,0,1,1,1,0,1,0
JAK2,0,0,1,0,0,0,0
LILRB2,0,0,1,0,0,0,0
PROS1,1,1,1,1,1,1,0
FCRLA,0,0,1,0,0,0,0
SOST,0,1,1,1,1,1,0
PILRA,0,0,1,0,0,0,0
EREG,1,1,1,1,1,1,1
SLITRK6,0,1,0,0,0,0,0
FCGR1A,0,0,1,0,0,0,0
MPZL3,0,0,1,0,0,0,0
FRS3,0,0,1,0,0,0,0
INSL5,1,1,1,1,0,1,1
FGF17,1,1,1,1,1,1,1
LRP1,0,0,1,0,0,0,0
RARRES1,0,0,1,0,0,0,0
IFNK,1,1,1,0,1,0,1
FAM126B,0,0,1,0,0,0,0
TNFRSF11A,0,0,1,0,0,0,0
SPINT1,0,0,1,1,0,1,0
CLEC2A,1,1,0,1,1,1,0
TFPI,0,1,1,1,1,1,0
CD3D,0,0,1,0,0,0,0
C4BPA,0,1,1,1,1,1,0
IRAK4,0,0,0,1,0,1,0
COL4A2,1,1,1,1,1,1,0
SLC7A5,0,0,1,0,0,0,0
TREML2,0,0,1,0,0,0,0
MFAP5,0,0,1,1,0,1,0
ACVRL1,0,0,1,0,0,0,0
CCR1,0,0,1,0,0,0,0
F7,0,1,0,1,0,1,0
TLR6,0,0,1,0,0,0,0
GDF11,1,1,1,1,1,1,1
DKK3,0,0,0,1,0,1,0
LCK,1,0,1,0,0,0,1
SFRP5,0,0,1,0,0,0,0
INS,1,1,1,1,1,1,1
SST,1,1,1,1,0,1,0
LRIT2,0,0,1,0,0,0,0
IFNL1,0,1,1,1,1,1,1
SNCA,0,1,0,0,0,0,0
NDUFA2,0,1,1,1,1,1,0
LIPA,0,1,1,1,0,1,0
PTHLH,1,1,1,1,1,1,1
HTR1D,0,0,1,0,0,0,0
IL24,1,1,1,1,1,1,1
LIF,1,1,1,1,1,1,1
NTRK3,0,1,1,0,0,0,0
MCAM,0,1,1,0,1,0,0
NTS,1,1,1,1,0,1,0
SFTPD,0,1,1,1,1,1,1
TCTN1,0,1,1,1,0,1,0
FLNA,0,0,1,0,0,0,0
ITGB1,0,0,1,0,0,0,0
FGF18,1,1,1,1,1,1,0
WNT11,1,1,1,1,0,1,1
GNA13,0,0,1,0,0,0,0
CSRP1,0,1,1,1,0,1,0
AMELY,0,1,1,0,0,0,0
ADGRA3,0,0,1,0,0,0,0
NSMF,0,0,0,0,0,0,1
SEMA6C,0,0,1,0,0,0,0
ADRA1B,0,0,1,0,0,0,0
FCGR3B,0,0,1,0,0,0,0
ULBP2,0,1,1,1,1,1,1
IFNA8,1,1,1,1,1,1,1
ACKR1,0,0,1,0,0,0,0
PVR,1,1,1,0,1,0,1
FCGR2A,0,0,1,0,0,0,0
IL33,1,1,1,1,1,1,1
LHB,1,1,1,1,0,1,0
OPRM1,0,0,1,0,0,0,0
THY1,1,0,1,0,1,0,1
NAALADL1,0,0,1,0,0,0,0
SEMA4A,1,1,1,1,1,1,0
ADGRB1,0,1,0,0,0,0,0
STK4,0,1,1,1,1,1,0
WNT3,1,1,1,1,1,1,1
CD28,0,1,1,0,0,0,0
NPPB,1,1,1,1,0,1,0
NTN1,0,1,1,1,1,1,0
TAFA4,0,1,0,0,0,0,1
NMS,1,1,1,1,0,1,1
EFEMP1,0,1,1,1,1,1,0
GHRH,1,1,1,1,0,1,0
ARF4,0,0,0,1,0,1,0
PIK3CA,0,0,1,0,0,0,0
MUC7,0,1,0,1,1,1,0
KIR3DL3,0,0,1,0,0,0,0
LTF,0,1,1,1,1,1,0
CLEC4G,0,1,0,0,1,0,0
CD38,0,1,0,0,0,0,0
VASP,0,1,1,1,0,1,0
CLSTN1,0,0,0,0,0,0,1
PTMA,0,1,1,1,0,1,0
SEMA5B,1,0,1,0,0,0,0
LAMA1,1,1,1,1,0,1,0
BAG6,1,1,0,0,1,0,1
LGI3,0,1,0,0,0,0,0
LAIR1,0,0,0,0,1,0,1
LVRN,0,0,1,0,0,0,0
APOC4,0,0,0,1,0,1,0
SLC6A8,0,0,1,0,0,0,0
BDNF,1,1,1,1,0,1,1
PLXNB1,0,0,1,0,0,0,0
PCID2,0,1,0,1,0,1,0
CEACAM8,0,1,1,0,0,0,0
ADAM10,0,1,1,1,0,1,0
PPP2R2B,0,0,1,0,0,0,0
KIAA0319L,0,0,1,0,0,0,0
FZR1,1,1,1,1,1,1,0
CCL26,1,1,1,1,1,1,1
CD22,1,1,1,0,0,0,0
OXT,1,1,1,1,1,1,0
NLGN3,0,1,1,1,0,1,1
AGTRAP,0,0,0,1,0,1,0
XCL1,1,1,1,1,1,1,1
VSIG4,0,0,1,0,0,0,0
TG,0,1,0,1,0,1,0
UTS2,1,1,1,1,0,1,1
IL32,0,1,0,0,1,0,0
TGOLN2,0,0,1,0,0,0,0
EDNRB,0,0,1,0,0,0,0
IL36G,1,0,0,1,1,1,1
MRAP,0,1,1,1,1,1,0
ROBO2,0,1,0,0,0,0,0
JAG1,1,1,1,1,1,1,1
FGL1,0,1,1,1,1,1,1
SEMA3D,1,1,1,1,0,1,0
IL17C,1,1,1,1,1,1,1
EFNA2,1,1,1,1,1,1,1
COL5A1,0,1,1,1,1,1,0
FCRL4,0,0,1,0,0,0,0
CCL21,1,1,1,1,1,1,1
KNG1,1,1,1,1,0,1,1
NPTN,0,0,1,0,0,0,0
CALCB,1,1,1,1,1,1,1
LRIG1,0,0,0,1,0,1,0
SPN,0,1,1,0,0,0,0
GRK2,0,0,1,0,0,0,0
COL4A1,1,1,1,1,1,1,0
SLURP1,1,1,1,1,0,1,0
FBLN2,0,0,1,1,0,1,0
CXCL13,1,1,1,1,1,1,0
MIF,1,1,1,1,1,1,0
RBP4,0,1,1,1,0,1,0
PTPRS,0,0,1,0,0,0,1
CXCL2,1,1,1,1,1,1,1
RBP3,0,1,0,1,0,1,0
CCL3L3,1,1,1,1,0,1,0
CCL19,1,1,1,1,1,1,1
CD244,0,1,1,0,0,0,0
PLG,1,1,1,1,1,1,0
RNASE4,0,1,0,1,1,1,0
SLAMF6,0,1,1,0,1,0,0
CXCL5,1,1,1,1,1,1,1
CDH2,1,0,1,0,0,0,0
IL23R,0,0,1,0,0,0,0
COL5A2,0,1,1,1,1,1,0
IFNAR2,0,0,1,0,0,0,0
HPR,0,1,1,1,1,1,0
LEP,1,1,1,1,1,1,1
MERTK,0,0,1,0,0,0,0
NRG3,1,1,1,1,1,1,1
LY6H,0,0,0,0,1,0,0
NPY,1,1,1,1,0,1,1
CLDN1,0,0,1,0,0,0,0
GDNF,1,1,1,1,1,1,1
HBEGF,1,1,1,1,1,1,1
NCSTN,0,0,1,0,0,0,0
CSF2,1,1,1,1,1,1,1
TGFBR1,0,0,1,0,0,0,0
IGF1R,0,0,1,0,0,0,0
CXCL11,1,1,1,1,1,1,0
NFASC,1,0,1,0,0,0,0
S1PR3,0,0,1,0,0,0,0
PHOX2A,1,0,1,0,0,0,0
IGFBP4,0,1,1,1,0,1,0
AFDN,0,1,1,1,0,1,0
TNFRSF13C,0,0,1,0,0,0,0
RET,0,0,1,0,0,0,0
NXPH1,0,1,1,1,0,1,0
CD69,1,0,1,0,0,0,0
COL6A1,1,0,0,1,1,1,0
NRXN2,1,0,1,0,1,0,0
F12,0,1,1,1,0,1,0
PDCD1,0,0,1,0,0,0,0
SEMA6D,1,1,1,1,1,1,0
MEGF10,0,0,0,1,0,1,0
DDR1,0,0,1,0,0,0,0
IL17B,1,1,1,1,1,1,0
LPA,0,1,1,1,0,1,0
CCL24,1,1,1,1,1,1,1
NODAL,1,1,1,1,1,1,1
HAPLN1,0,0,1,0,0,0,0
MUC2,0,1,1,0,0,0,0
NPFF,1,1,1,1,0,1,1
CD99,1,1,1,1,1,1,1
IL11RA,0,0,1,0,0,0,0
SLITRK4,0,0,0,0,1,0,0
NCR3LG1,0,1,1,1,1,1,0
CHGA,1,1,1,1,0,1,0
CGB5,0,0,0,1,0,1,0
CD200,0,1,1,1,1,1,0
ITGB4,0,0,1,0,0,0,0
TNFSF13B,1,1,1,1,1,1,0
VWC2L,0,0,0,0,1,0,0
TNFSF13,1,1,1,1,1,1,0
NEU2,0,0,0,0,0,0,1
DSCAML1,0,0,1,0,1,0,0
NCAN,0,0,0,1,0,1,0
CD1D,1,1,1,0,1,0,1
IL6,1,1,1,1,1,1,1
EPN1,0,0,1,0,0,0,0
FN1,1,1,1,1,1,1,1
KDR,0,0,1,0,0,0,0
IL18R1,0,0,1,0,0,0,0
PKM,0,0,0,1,0,1,0
NRXN3,1,0,1,0,1,0,0
HTR1B,0,0,1,0,0,0,0
DNAJB11,0,1,0,0,0,0,0
CEACAM16,0,0,0,1,0,1,0
DEFB1,0,1,0,1,1,1,0
TCTN3,0,0,1,0,0,0,0
IFNA10,1,1,1,1,1,1,0
IL13,1,1,1,1,1,1,1
ACKR3,0,0,1,0,0,0,0
NFE2L2,0,1,0,1,0,1,1
TAC3,1,1,1,1,0,1,0
FGF5,1,1,1,1,1,1,1
IL12B,0,1,1,1,1,1,0
HPX,0,0,0,1,0,1,0
LRRN1,0,0,1,0,0,0,0
CTTN,0,0,1,0,0,0,0
QDPR,0,0,0,1,0,1,0
MRLN,0,1,1,1,0,1,0
HLA-A,1,1,1,1,1,1,1
WNT7B,1,1,1,1,1,1,1
BTN1A1,0,0,1,0,0,0,0
CNTF,1,1,1,1,1,1,1
ST14,0,0,1,0,0,0,0
SLITRK2,0,1,0,0,0,0,0
BMP7,1,1,1,1,1,1,1
NLK,0,1,1,1,1,1,0
PCSK1N,0,0,0,1,0,1,0
SHANK1,0,1,0,1,1,1,0
CLSTN2,0,0,0,0,0,0,1
COL6A5,1,0,0,0,1,0,0
IRS4,0,0,1,0,0,0,0
ADAM11,0,1,0,0,0,0,0
AXL,0,0,1,0,0,0,0
CD300LB,0,0,1,0,0,0,0
IL2RG,0,0,1,0,0,0,0
FGF22,1,1,1,1,1,1,1
BMP8A,1,1,1,1,1,1,1
CALR,0,1,1,1,1,1,0
COL16A1,0,0,0,1,1,1,0
GPHA2,0,1,1,1,0,1,0
EDA2R,0,0,1,0,0,0,0
CSF3,1,1,1,1,1,1,1
CNTN2,1,1,1,1,0,1,0
NDP,0,1,1,1,0,1,1
PI3,0,0,0,1,0,1,0
FCGRT,0,0,1,0,0,0,0
LYN,0,0,1,0,0,0,0
MTMR4,0,0,0,1,0,1,0
PRLH,1,1,1,1,0,1,1
NPNT,0,1,1,1,0,1,0
FHL1,0,1,1,1,1,1,0
IL26,1,1,1,1,1,1,1
COL4A4,1,0,1,1,1,1,0
HAS1,0,0,1,0,0,0,0
LY6G6F,0,0,1,0,0,0,0
CCN3,0,1,1,1,0,1,0
B2M,0,1,1,1,0,1,0
IGFBP7,0,0,1,0,1,0,0
TENM1,0,0,0,0,1,0,1
MYDGF,1,1,1,1,1,1,1
CNTFR,0,0,1,0,0,0,0
FGF20,1,1,1,1,1,1,1
IFNGR2,0,0,1,0,0,0,0
OCLN,1,0,1,0,0,0,0
CXCL14,0,1,0,1,1,1,0
TSLP,1,1,1,1,1,1,1
PDX1,0,0,1,1,0,1,0
CCL22,1,1,1,1,1,1,1
LACRT,0,1,1,1,0,1,0
SIRPA,0,1,1,0,0,0,0
UCN,1,1,1,1,0,1,0
ALKAL2,0,1,0,1,1,1,0
KCNA1,0,0,1,0,0,0,0
TAX1BP3,0,0,0,0,1,0,0
COL21A1,0,0,0,0,1,0,0
FCER2,1,1,1,0,1,0,1
NTF4,1,1,1,1,0,1,1
SCGB3A1,0,1,1,1,0,1,0
WNT3A,1,1,1,1,1,1,1
COL9A1,1,1,1,1,1,1,0
IL22,1,1,1,1,1,1,1
SFRP2,0,1,1,1,0,1,0
BMPR1B,0,0,1,0,0,0,0
ULBP1,1,1,1,1,1,1,0
TLN1,0,0,0,1,0,1,0
COL26A1,0,0,0,0,1,0,0
ESAM,1,0,1,0,1,0,1
VIM,0,1,0,1,0,1,0
GSTO1,0,0,0,1,0,1,0
ICOSLG,1,1,1,1,1,1,1
RSPO4,0,1,1,1,1,1,1
BTN3A1,0,0,1,0,0,0,0
APOA2,0,0,0,1,0,1,1
PRND,0,1,1,1,0,1,0
EPHA1,0,0,1,0,0,0,0
GDF5,1,1,1,1,1,1,1
HLA-DOA,1,0,0,0,0,0,0
IL36B,1,0,0,1,1,1,1
CXADR,0,1,1,0,0,0,0
NRTN,1,1,1,1,1,1,1
SELE,1,1,1,0,0,0,0
GP1BA,1,0,1,0,1,0,1
DCC,0,0,1,0,0,0,0
RIMS2,0,0,1,1,0,1,0
PTPRG,0,0,1,0,0,0,0
CEACAM1,1,1,1,1,1,1,0
TNR,1,0,0,0,0,0,0
APOE,0,1,1,1,1,1,1
NGF,1,1,1,1,1,1,1
MBP,0,1,1,1,0,1,0
SYTL3,0,0,1,1,0,1,0
EDNRA,0,0,1,0,0,0,0
CXCL12,1,1,1,1,1,1,1
DRD2,0,0,1,0,0,0,0
PTPRK,0,1,0,0,1,0,0
KLRK1,0,0,1,0,0,0,0
CLCF1,1,1,1,1,1,1,1
GNB3,0,0,1,1,0,1,0
RETN,1,0,1,1,0,1,0
SERPINA7,0,0,1,1,0,1,0
MICA,0,1,1,1,1,1,1
TIMP1,1,1,1,1,1,1,1
CD47,0,1,1,0,1,0,1
TPH1,0,0,0,1,0,1,0
NCOR1,0,0,1,0,0,0,0
MSMP,0,1,0,0,0,0,0
IL36RN,1,1,0,0,1,0,0
FGF1,1,1,1,1,1,1,1
THBS1,1,1,1,1,1,1,1
LRP1B,0,0,1,0,0,0,0
FARP2,0,0,0,1,0,1,0
IGSF1,0,0,1,0,0,0,0
ADRB2,0,0,1,0,0,0,0
SEMA7A,1,1,1,1,1,1,0
PTGS2,0,1,0,1,0,1,0
TNFRSF14,0,1,1,0,0,0,0
ROBO3,0,0,1,0,0,0,0
CALM2,0,0,0,1,0,1,0
SEMA6A,1,1,1,1,1,1,0
IFNA5,1,1,1,1,1,1,1
FGF7,1,1,1,1,1,1,1
PSG9,0,0,1,0,1,0,0
COL3A1,0,1,1,1,1,1,0
ZYX,0,0,1,0,0,0,0
APP,1,1,1,1,1,1,0
GPHB5,0,1,0,0,0,0,0
PSEN1,0,1,1,1,0,1,0
ENC1,1,1,1,1,1,1,1
COL8A1,0,1,1,1,1,1,0
MMP1,0,1,1,1,0,1,0
IL1RN,0,1,1,1,1,1,1
C1QB,0,1,0,1,0,1,0
PTPRM,1,1,1,0,1,0,0
DEFB4B,0,1,0,1,1,1,0
WNT10A,1,1,1,0,1,0,0
TNFRSF17,0,0,1,0,0,0,0
CLDN19,0,0,1,0,0,0,0
IGFBPL1,0,0,1,0,1,0,0
MIA,0,1,1,1,0,1,0
HLA-DRB1,1,0,1,0,1,0,0
UTS2B,1,1,1,1,0,1,1
IL18BP,0,0,1,0,0,0,0
DCLK3,0,0,1,0,0,0,0
C1QA,0,1,1,1,1,1,0
ANGPTL4,1,0,1,1,0,1,0
JAML,0,1,1,0,1,0,0
PTPN11,0,0,0,1,0,1,0
MYL9,0,1,0,0,0,0,0
LPAR3,0,0,0,0,0,0,1
MAG,1,0,1,0,0,0,0
AGRP,0,1,1,1,0,1,1
RORA,0,0,1,0,0,0,0
PDGFD,1,1,1,1,1,1,1
RGS19,0,0,1,0,0,0,0
GNAI1,0,0,1,0,0,0,0
LECT2,0,0,0,0,1,0,0
IFNB1,1,1,1,1,1,1,1
TKT,0,0,1,0,0,0,0
EBI3,0,1,1,1,1,1,0
ITGB2,1,1,0,0,0,0,0
GPC4,0,0,1,0,0,0,0
MPDZ,0,0,1,0,0,0,0
CDCP1,0,0,1,0,0,0,0
TAC1,1,1,1,1,0,1,0
PARD3,0,1,1,1,0,1,1
CYTL1,0,1,0,0,0,0,0
PTAFR,0,0,1,0,0,0,0
CSH1,0,1,1,1,0,1,0
LRFN4,0,0,0,0,1,0,1
NMB,1,1,1,1,1,1,1
FBLN1,0,1,1,1,0,1,0
FGG,0,1,1,1,0,1,0
TNNC1,1,1,1,1,1,1,0
HLA-E,1,1,1,1,1,1,0
DCN,0,1,1,1,1,1,0
ARF1,0,1,0,1,0,1,0
SLAMF1,0,1,0,0,1,0,0
ADAM7,0,1,0,0,0,0,0
MUSK,0,0,1,0,0,0,0
SEMA4F,0,0,1,1,0,1,0
TNFSF11,1,1,1,1,1,1,0
PDYN,1,1,1,1,0,1,1
PDGFRB,0,0,1,0,0,0,0
HLA-DMA,1,0,0,0,0,0,0
IL6R,0,0,1,0,0,0,0
CXCL16,1,1,1,1,1,1,0
HLA-F,1,1,1,0,1,0,1
NRG1,1,1,1,1,1,1,1
PDGFRA,0,0,1,0,0,0,0
PAPLN,0,0,1,0,0,0,0
PSG5,0,0,1,0,0,0,0
PTPRC,1,1,1,0,1,0,1
IFNA4,1,1,1,1,1,1,1
ADIPOQ,1,1,1,1,0,1,0
HLA-DPB1,1,0,0,0,1,0,0
EFEMP2,0,0,1,1,0,1,0
HSP90AB1,0,0,1,0,0,0,0
BTLA,1,1,1,1,1,1,1
CRLF2,0,0,0,0,0,0,1
CD24,0,1,1,1,1,1,1
CA2,0,0,1,0,0,0,0
TLR2,0,0,1,0,0,0,0
FGF3,1,1,1,1,1,1,1
EFNA4,1,1,1,1,1,1,1
TNFSF12,1,1,1,1,1,1,0
MMP2,0,1,1,1,1,1,1
FABP5,0,0,0,1,0,1,0
CD19,0,0,1,0,0,0,0
COLQ,0,1,1,1,0,1,0
SMS,0,0,0,0,0,0,1
EPGN,1,1,1,1,1,1,1
ALOX5AP,0,0,0,1,0,1,0
ADAM9,0,1,0,1,1,1,0
SPARC,0,0,1,0,0,0,0
CDH3,1,0,0,0,0,0,0
ERBB2,0,0,1,0,0,0,0
CNTN3,0,0,1,1,0,1,0
NRXN1,1,0,1,0,1,0,0
CUBN,0,0,1,1,0,1,0
SELPLG,1,1,1,1,1,1,0
HLA-DMB,1,0,0,0,0,0,0
CNTN4,0,1,1,1,0,1,0
SCEL,0,0,1,0,0,0,0
IGDCC4,0,0,1,0,0,0,0
GAST,0,1,1,1,1,1,1
GH1,1,1,1,1,1,1,0
PTPN6,0,0,1,1,0,1,0
CCN6,0,0,0,1,0,1,0
ALCAM,1,1,1,0,0,0,1
PIP,0,1,1,1,0,1,0
GAR1,0,0,1,0,0,0,0
CD34,1,1,1,1,1,1,1
CLSTN3,0,0,0,0,0,0,1
CD5L,0,1,1,1,0,1,0
TFIP11,0,0,0,0,0,0,1
IBSP,1,0,0,1,0,1,0
SERPINA1,0,1,1,1,0,1,0
DKK2,0,1,1,1,0,1,1
OSMR,0,0,1,0,0,0,0
IFNG,1,1,1,1,1,1,1
SERPINE2,0,1,1,1,0,1,0
TRIP6,0,0,1,0,0,0,0
FST,0,0,0,1,0,1,0
APOC3,0,0,0,1,0,1,0
WIF1,0,0,0,1,0,1,0
CD274,1,1,1,1,1,1,0
C1QL2,0,0,0,0,1,0,1
NTNG2,0,1,1,1,0,1,0
RLN2,0,1,1,1,0,1,0
BTN3A2,0,0,1,0,0,0,0
IFNA6,1,1,1,1,1,1,1
CD5,0,0,1,0,0,0,0
INHBE,1,0,1,1,0,1,1
FSTL1,0,1,0,0,1,0,0
KIR2DL4,0,0,1,0,0,0,0
SRGN,0,0,1,0,0,0,0
SGCG,0,0,0,0,0,0,1
WNT4,1,1,1,1,1,1,1
FZD7,0,0,1,0,0,0,0
ADAM28,0,1,0,1,1,1,0
CD48,1,1,1,0,1,0,1
HSPG2,1,1,1,1,1,1,0
MFAP3L,0,0,1,0,0,0,0
OSTN,1,1,1,1,1,1,0
COL17A1,0,0,0,0,1,0,0
AMBN,0,1,0,0,0,0,0
IL5,1,1,1,1,1,1,1
UNC5A,0,0,0,0,0,0,1
IL1R2,0,0,1,0,0,0,0
SH2D1A,0,0,0,0,0,0,1
PGLYRP1,0,1,0,0,0,0,0
OLFM2,0,0,1,1,0,1,0
GALP,1,1,1,1,0,1,1
SEMA3A,1,1,1,1,1,1,0
GP6,0,0,1,0,0,0,0
ACVR2B,0,0,1,0,0,0,0
APELA,1,1,1,1,1,1,1
PTF1A,0,0,0,0,0,0,1
SOCS2,0,0,1,0,0,0,0
SLC7A11,0,1,1,1,1,1,0
TNN,1,0,0,0,0,0,0
TNFRSF10C,0,0,1,0,0,0,0
CDH5,1,0,0,0,0,0,0
ESR1,0,0,1,0,0,0,0
FNDC5,0,1,0,0,0,0,0
WNT9B,1,1,1,1,1,1,1
LGI4,0,1,0,0,0,0,0
LEPROT,0,0,1,0,0,0,0
TREM2,0,0,1,0,0,0,0
BMP4,1,1,1,1,1,1,1
CCL20,1,1,1,1,1,1,1
MICU1,0,0,0,0,0,0,1
IGF1,1,1,1,1,1,1,1
TGFB2,1,1,1,1,1,1,1
IL19,1,1,1,1,1,1,1
EPHA2,0,0,1,0,0,0,0
SLPI,0,1,0,1,1,1,0
CR2,0,0,1,0,0,0,0
APOB,0,1,1,1,1,1,1
THRB,0,0,0,0,0,0,1
TIMP3,0,1,1,1,1,1,0
LYZ,0,0,0,1,0,1,0
LGALS9,1,1,1,1,1,1,0
ORM1,0,1,1,1,0,1,0
NRCAM,0,0,1,0,0,0,0
FADD,0,0,1,1,0,1,0
F3,1,1,1,0,1,0,1
IL10RB,0,0,1,0,0,0,0
CNGA2,0,0,1,0,0,0,0
EPHA7,0,0,1,0,0,0,0
CD248,0,0,0,0,1,0,1
PF4,1,1,1,1,1,1,0
TGFB1,1,1,1,1,1,1,1
THBS2,1,1,1,1,0,1,1
TTF2,1,1,1,1,0,1,0
GC,0,0,0,1,0,1,0
ARRB2,0,0,1,0,0,0,0
VEGFA,1,1,1,1,1,1,1
SLAMF7,0,1,1,0,0,0,0
HMGB1,0,1,1,1,1,1,0
IFNA2,1,1,1,1,1,1,1
FRZB,0,0,1,0,0,0,0
EPHB6,0,0,1,0,0,0,0
DSG2,1,1,1,0,0,0,1
CRTAM,0,1,1,0,0,0,1
FCN2,0,1,0,1,0,1,0
DLL1,1,1,1,1,1,1,1
FLT4,0,0,1,0,0,0,0
SYT1,0,0,1,0,0,0,0
LUM,0,0,0,1,0,1,0
CD59,0,1,1,1,1,1,0
SLITRK1,0,1,1,0,0,0,0
CSF1,1,1,1,1,1,1,1
DSPP,1,1,0,1,0,1,0
EDN3,1,1,1,1,1,1,1
PTDSS1,0,1,0,0,0,0,0
CNGA4,0,0,1,0,0,0,0
LRRC4B,1,1,1,0,0,0,0
DHH,1,1,1,1,0,1,1
GAS6,1,1,1,1,1,1,1
AZGP1,0,1,0,1,0,1,0
PTGIR,0,0,1,0,0,0,0
KCNAB1,0,0,1,0,0,0,0
CD72,0,0,1,0,1,0,0
NRP1,0,0,1,0,0,0,0
APOA1,0,0,1,1,0,1,1
FLG,0,0,1,0,1,0,0
ITGB3BP,0,0,1,1,0,1,0
GLG1,0,1,1,0,1,0,0
BST2,0,1,1,1,1,1,1
IL31,1,1,1,1,1,1,0
FBF1,0,1,1,1,0,1,0
ANGPTL2,1,1,1,1,0,1,0
IGSF21,0,0,1,0,0,0,0
POMC,1,1,1,1,0,1,0
HRAS,0,1,0,1,0,1,0
C5,1,1,1,1,0,1,0
SERPINF1,0,1,0,0,1,0,0
SIGLEC15,0,0,1,0,1,0,0
ANGPT2,1,1,1,1,1,1,0
PRSS3,1,0,0,0,0,0,0
GDF10,1,0,1,1,1,1,1
GLA,0,0,0,0,0,0,1
IL1RAPL2,0,0,1,0,1,0,0
OPTN,0,0,0,0,1,0,0
CEACAM20,0,0,1,0,0,0,0
APLN,1,1,0,1,1,1,1
MFRP,0,0,1,1,0,1,0
BMP6,1,1,1,1,1,1,1
PPBP,1,1,1,1,1,1,1
CISH,0,0,1,0,0,0,0
DRAXIN,0,0,1,1,0,1,0
APLP1,0,0,1,0,0,0,0
CDH9,0,0,1,0,0,0,0
SDK2,0,0,1,0,0,0,0
HLA-DRA,1,0,1,0,1,0,0
IL18,1,1,1,1,1,1,1
LAIR2,0,0,1,0,0,0,0
IFNL3,0,1,1,1,1,1,1
STAB1,0,0,1,0,0,0,0
RGMA,0,1,1,1,0,1,0
RSPO2,0,1,1,1,1,1,1
PRRG4,0,0,1,0,0,0,0
TCN1,0,1,0,0,0,0,0
UNC5D,0,0,0,0,1,0,0
ADAMTS3,0,0,0,1,0,1,0
DEFB106B,0,0,0,0,1,0,0
NGFR,0,0,1,0,0,0,0
TRPM2,0,0,1,0,0,0,0
BMP5,1,1,1,1,1,1,1
IFNE,1,1,1,1,1,1,1
ADAM12,0,1,0,1,0,1,0
PLTP,0,1,1,1,1,1,0
HTR6,0,0,1,0,0,0,0
PIGA,0,0,0,1,0,1,0
PDGFB,1,1,1,1,1,1,1
MMP14,0,0,1,0,0,0,0
ENG,0,0,1,0,0,0,0
LILRB3,0,0,1,0,0,0,0
C3,1,1,1,1,1,1,0
CA12,0,0,1,0,0,0,0
IFITM1,0,0,1,0,0,0,0
APOC1,0,0,0,1,0,1,0
IGFL3,1,1,1,1,0,1,1
TSHB,1,1,1,1,0,1,1
S100A9,1,1,1,1,1,1,0
EGF,1,1,1,1,1,1,1
BMP3,0,1,1,1,0,1,0
LMAN1,0,0,0,1,0,1,0
FZD8,0,1,0,0,0,0,0
DSCAM,0,0,1,1,1,1,0
GLMN,0,0,1,0,0,0,0
DAG1,0,1,1,0,0,0,1
VCAN,0,1,1,1,1,1,0
ADCYAP1,1,1,1,1,1,1,0
COL27A1,0,0,0,0,1,0,0
CLEC3A,0,0,0,1,0,1,0
LILRA1,0,0,1,0,0,0,0
PEMT,0,1,0,0,0,0,0
RPH3A,0,1,1,1,0,1,0
WNT5B,1,1,1,1,1,1,1
ADO,0,0,1,0,0,0,0
HLA-DQA2,1,0,0,0,1,0,0
NPW,1,1,0,1,0,1,1
NEO1,0,0,1,0,0,0,0
ENAM,0,1,0,0,0,0,0
SCYL3,1,1,1,1,1,1,1
NRP2,0,1,1,0,0,0,1
NPB,1,1,0,1,0,1,1
SORBS1,0,0,1,1,0,1,0
CEACAM4,0,0,1,0,0,0,0
ITGA7,0,0,1,0,0,0,0
DYM,0,0,1,0,0,0,0
CD209,1,1,1,0,1,0,0
PDF,1,1,0,1,1,1,0
BICD1,0,0,1,0,0,0,0
CD40LG,1,1,1,1,1,1,1
SEMA4D,1,1,1,1,1,1,0
LAMC3,1,0,0,1,0,1,0
GBA3,0,0,0,0,0,0,1
CADM1,1,1,1,0,1,0,1
TNFRSF12A,0,0,1,0,0,0,0
LAMA4,1,1,1,1,0,1,1
PTPRZ1,0,1,1,0,0,0,0
ANOS1,0,1,1,1,0,1,0
IFNA13,1,1,1,1,1,1,1
WNT10B,1,1,1,0,1,0,0
NECTIN3,0,0,0,0,0,0,1
NT5E,0,0,1,0,0,0,0
FGF8,1,1,1,1,1,1,1
TSPAN1,0,0,1,0,1,0,1
CD70,1,1,1,1,1,1,1
CD82,0,0,1,0,0,0,0
LEAP2,0,1,1,0,0,0,0
ADAM15,0,1,1,1,0,1,0
ITGA4,0,0,1,0,0,0,0
KIR3DL2,0,0,1,0,0,0,0
TULP1,0,0,0,0,0,0,1
PDPN,0,1,0,0,0,0,0
MSH2,0,0,0,0,0,0,1
SPTAN1,0,0,0,1,0,1,0
CCL3,1,1,1,1,1,1,1
COMP,1,1,1,1,0,1,0
PLXNA1,0,0,1,0,0,0,0
ANGPT4,0,1,1,1,1,1,0
AMELX,0,1,1,1,0,1,0
FLRT3,0,0,1,0,1,0,1
TPSB2,0,0,1,0,0,0,0
LEFTY2,0,1,1,1,0,1,0
SCGB1A1,0,1,1,1,0,1,0
OPRL1,0,0,1,0,0,0,0
CEACAM6,0,1,1,1,1,1,0
CIRBP,0,1,0,0,0,0,0
TRH,1,1,1,1,0,1,1
SPX,0,1,0,1,1,1,0
FAT4,0,1,1,1,0,1,0
ICAM3,0,1,1,1,1,1,1
CXCL3,1,1,1,1,1,1,1
CD276,0,0,0,0,0,0,1
BMP2,1,1,1,1,1,1,1
MYO1D,0,0,1,0,0,0,0
PPIA,0,0,0,0,0,0,1
LILRB1,0,0,1,0,0,0,0
OPCML,0,0,1,0,0,0,0
IFNW1,1,1,1,1,1,1,1
GIP,0,1,1,1,0,1,0
PTPRU,0,0,1,0,0,0,0
SPTBN2,0,0,0,1,0,1,0
NPPA,1,1,1,1,0,1,1
S100B,0,0,0,1,0,1,0
CALM3,0,0,0,1,0,1,0
TCN2,0,0,0,1,0,1,0
CHAD,1,1,1,1,0,1,0
PNOC,0,1,1,1,0,1,1
DLL4,1,1,1,1,1,1,1
HECA,0,0,1,1,0,1,0
RIPK2,1,1,1,1,0,1,0
KLRB1,0,1,1,0,0,0,1
CSF1R,0,0,1,0,0,0,0
GAD1,0,0,0,1,0,1,0
JAK1,0,0,1,0,0,0,0
VSTM2L,0,0,1,0,0,0,0
MPZL1,1,0,1,0,1,0,1
PF4V1,1,1,0,0,1,0,0
RSPO3,0,1,1,1,1,1,1
PCNA,0,1,0,0,0,0,0
OBP2A,0,0,1,1,0,1,0
ITGA2,0,0,1,0,0,0,0
TAFA5,0,0,0,0,0,0,1
RSPO1,0,1,1,1,1,1,1
CD96,1,1,1,0,0,0,0
LGALS8,0,0,0,1,0,1,0
PCSK9,0,1,1,1,0,1,0
TFF3,0,1,0,0,0,0,0
GRK5,0,0,1,0,0,0,0
MICB,0,1,1,1,1,1,1
CXCL17,0,1,0,1,0,1,0
PROK1,1,1,1,1,0,1,1
COL2A1,1,1,1,1,1,1,0
COL24A1,0,0,0,0,1,0,0
SMOC1,0,0,0,0,1,0,0
LIFR,0,0,1,0,0,0,0
AGXT,1,1,1,1,1,1,0
CELSR3,0,0,0,0,1,0,0
TNFSF4,1,1,1,1,1,1,0
CD79A,0,0,1,0,0,0,0
HCRTR2,0,1,0,0,0,0,0
FGF4,1,1,1,1,1,1,1
TNFSF14,1,1,1,1,1,1,0
MXRA8,0,0,1,0,0,0,0
CEACAM5,0,1,1,1,1,1,0
IL1F10,1,1,1,1,1,1,0
CD7,0,0,1,0,0,0,0
IL10,1,1,1,1,1,1,1
MPIG6B,0,0,1,0,0,0,0
BTNL9,0,0,1,0,0,0,0
GNAI3,0,0,1,0,0,0,0
DEFB103A,0,1,0,1,1,1,0
KLKB1,1,0,1,1,0,1,0
VEGFC,1,1,1,1,1,1,1
COL5A3,0,1,1,0,1,0,0
CD300A,0,0,1,0,0,0,0
ICAM2,1,1,1,1,1,1,1
FGF11,0,0,0,1,0,1,0
HLA-DOB,1,0,0,0,0,0,0
ITGA6,0,0,1,0,0,0,0
GCG,1,1,1,1,0,1,0
COL4A5,1,1,1,1,1,1,0
SLIT3,0,1,1,1,1,1,1
CXCL8,1,1,1,1,1,1,1
BTN3A3,0,0,1,0,0,0,0
GZMA,1,0,0,0,0,0,0
HLA-DQB2,1,0,0,0,1,0,0
SCUBE2,0,0,1,0,0,0,0
LRRN2,0,0,1,0,0,0,0
INHA,0,1,1,1,0,1,1
LAMB3,1,0,0,1,0,1,0
MXRA5,0,0,1,0,0,0,0
CER1,0,0,0,1,0,1,0
IGFBP3,0,0,0,0,0,0,1
KITLG,1,1,1,1,1,1,1
AGRN,1,1,1,1,0,1,1
CPNE3,0,0,1,0,0,0,0
LAMB1,1,1,1,1,0,1,0
MTF1,0,1,0,1,1,1,0
CSF2RB,0,0,1,0,0,0,0
TNFSF9,1,1,1,1,1,1,0
MT-RNR2,0,0,1,0,0,0,0
LRIG2,0,0,0,1,0,1,0
HSPA4,0,0,0,1,0,1,0
RTN4RL1,0,0,0,0,1,0,0
LAMA5,1,1,1,1,1,1,0
POSTN,1,1,1,0,0,0,0
FBN1,0,1,1,1,1,1,1
INHBC,1,1,1,1,0,1,1
UNC45A,0,0,1,0,0,0,0
IL1A,1,1,1,1,1,1,1
PTK7,0,0,1,0,0,0,0
APOA4,0,0,0,1,0,1,0
CALML3,0,0,0,1,0,1,0
NCAM1,1,1,1,1,1,1,1
IL4,1,1,1,1,1,1,1
ETV5,0,0,1,0,0,0,0
FLRT2,0,0,1,0,1,0,1
IL34,1,1,1,1,1,1,1
MSN,0,0,0,0,1,0,0
RLN3,1,1,1,1,0,1,0
MAGI1,0,0,1,0,0,0,0
TNFRSF11B,0,0,1,0,0,0,0
CCR2,0,0,1,0,0,0,0
MMP15,0,0,1,0,0,0,0
EDA,1,1,1,1,1,1,0
BTK,0,0,1,0,0,0,0
PRLR,0,0,1,0,0,0,0
ITIH2,0,0,1,1,0,1,0
IL20,1,1,1,1,1,1,1
GNA15,0,0,1,0,0,0,0
IL1RAP,0,0,1,0,1,0,0
SCGB3A2,1,1,1,1,0,1,0
VEGFB,1,1,1,1,1,1,1
IGFL2,0,1,0,1,0,1,1
GABRB2,0,0,1,0,0,0,0
NTM,0,0,1,0,0,0,0
HLA-G,1,1,1,1,1,1,0
MSTN,1,1,1,1,1,1,1
CLEC2D,1,1,0,1,1,1,0
GPC6,0,0,1,0,0,0,0
CNOT6,0,0,1,0,0,0,0
NLGN4X,0,1,1,0,0,0,0
NECTIN1,1,1,1,0,1,0,1
ADAM23,0,1,0,0,0,0,0
VCL,0,0,0,1,0,1,0
SCYL2,1,1,1,1,1,1,1
SEMA3C,1,1,1,1,1,1,0
HAS2,0,1,1,1,0,1,0
GUCA2A,1,1,1,1,1,1,0
FCAR,0,0,1,0,0,0,0
IL37,1,0,1,1,1,1,1
WNT8A,1,1,1,1,1,1,1
SLITRK3,0,1,0,0,0,0,0
FGF14,0,0,0,1,0,1,0
LAMC2,1,1,1,1,0,1,0
L1CAM,1,1,1,1,1,1,1
GUCY2D,0,0,1,0,0,0,0
SERPING1,0,1,1,1,1,1,0
EFNA3,1,1,1,1,1,1,1
FLRT1,0,0,1,0,1,0,1
KREMEN1,0,0,1,0,0,0,0
SERPINE1,0,1,1,1,1,1,0
EPCAM,0,1,1,0,0,0,0
IL23A,0,1,1,1,0,1,0
ULBP3,0,1,1,1,1,1,0
RTN4R,0,0,1,0,1,0,1
ZP3,0,1,1,1,0,1,0
GP9,0,0,1,0,0,0,0
GNRH2,0,1,1,1,0,1,0
KREMEN2,0,0,1,0,0,0,0
NPVF,1,1,1,1,0,1,0
TYK2,0,0,1,0,0,0,0
IL7R,0,0,1,0,0,0,0
CLEC2L,1,0,0,0,0,0,0
EFNB1,1,1,1,1,1,1,1
CFP,0,1,0,0,0,0,0
LGALS1,0,1,1,1,1,1,0
ITM2B,0,0,1,0,0,0,0
GDF2,1,1,1,1,1,1,1
ITGA3,0,0,1,0,0,0,0
NPPC,1,1,1,1,0,1,0
FAM3D,0,1,0,0,0,0,0
SHBG,0,0,1,1,0,1,0
CXCL6,1,1,1,1,1,1,1
FGFR4,0,0,1,0,0,0,1
TREML4,0,0,1,0,0,0,0
PODXL,0,1,0,1,1,1,1
IL11,1,1,1,1,1,1,1
CX3CL1,1,1,1,1,1,1,0
CTSG,1,0,0,0,0,0,1
NEU1,0,0,0,0,0,0,1
TPO,1,1,1,1,1,1,1
LAP3,0,0,1,0,0,0,0
COL14A1,0,1,1,1,1,1,0
DMTF1,1,0,0,1,0,1,0
SEMA3E,1,1,1,1,1,1,0
ADM2,0,1,1,1,0,1,1
NTRK1,0,0,1,0,0,0,0
IFNL2,0,1,1,1,1,1,1
GH2,0,1,1,1,1,1,0
IL4R,0,0,1,0,0,0,0
S100A12,0,0,0,1,0,1,0
CD4,0,0,1,0,0,0,0
BTC,1,1,1,1,1,1,1
FGFR3,0,0,1,0,0,0,0
RELN,1,1,1,1,1,1,1
ANGPTL3,1,1,1,1,1,1,0
CCL17,1,1,1,1,1,1,1
NLGN2,0,1,1,1,0,1,1
NRG4,1,1,1,1,1,1,1
ANGPT1,1,1,1,1,1,1,0
EPHA4,0,1,1,0,0,0,0
LPL,0,1,1,1,0,1,0
DNAJA3,0,0,1,0,0,0,0
HTR4,0,0,1,0,0,0,0
OSM,1,1,1,1,1,1,0
SIGLEC6,0,0,1,0,0,0,0
